size	alpha	fill	x	y	showSelected1	showSelected2
4	1	#00BFC4	0.782025085341705	0.497676546890698	1	second class
2.5	0.3	#F8766D	0.786913136803078	0.51647060442954	1	first class
2.5	0.3	#00BFC4	0.374960732150743	-0.0717912264755778	1	second class
2.5	0.3	#00BFC4	0.27110877070886	-0.0185753831070887	1	second class
2.5	0.3	#00BFC4	0.619528998987617	0.861108637560955	1	second class
2.5	0.3	#00BFC4	0.938088289423278	-0.220717712254536	1	second class
2.5	0.3	#00BFC4	-0.0260044483072397	0.66679261633058	1	second class
2.5	0.3	#00BFC4	1.42646422147681	0.508968833943465	1	second class
2.5	0.3	#00BFC4	0.694037336260083	1.18130347974915	1	second class
2.5	0.3	#00BFC4	1.15337311783652	1.0530042267305	1	second class
2.5	0.3	#00BFC4	1.55391765353759	0.715226992948991	1	second class
2.5	0.3	#F8766D	0.224081797439462	-0.746681486005245	1	first class
2.5	0.3	#00BFC4	1.82158108163749	0.311991383532642	1	second class
2.5	0.3	#00BFC4	-0.0678237059868452	1.37963948275988	1	second class
2.5	0.3	#00BFC4	1.87813348753304	0.290799237417607	1	second class
2.5	0.3	#F8766D	-0.870712264839054	0.207961998304991	1	first class
2.5	0.3	#F8766D	-0.298644098436315	-0.876145756155386	1	first class
2.5	0.3	#F8766D	-0.88931728405488	0.368602284014458	1	first class
2.5	0.3	#00BFC4	0.704928517007729	-1.30916887564081	1	second class
2.5	0.3	#00BFC4	-0.686693310742413	1.30352864140426	1	second class
2.5	0.3	#00BFC4	1.83778704449452	1.44820977862943	1	second class
2.5	0.3	#F8766D	-0.929491608575424	1.16895596533851	1	first class
2.5	0.3	#00BFC4	-0.138136937011948	1.92226746787974	1	second class
2.5	0.3	#F8766D	-0.599228549405948	-1.04287045729132	1	first class
2.5	0.3	#F8766D	-0.640186172942636	-1.0285467553487	1	first class
2.5	0.3	#00BFC4	1.68864025410009	2.0255713696967	1	second class
2.5	0.3	#F8766D	-0.539083794010798	-1.40288483529908	1	first class
2.5	0.3	#00BFC4	1.89512566104502	2.00573852446226	1	second class
2.5	0.3	#F8766D	-1.47279140772793	-0.784058431256027	1	first class
2.5	0.3	#F8766D	-1.68685285189353	-0.220034881663682	1	first class
2.5	0.3	#F8766D	-1.23017748948328	-1.2079172780196	1	first class
2.5	0.3	#F8766D	0.715064986883281	-2.12310858320335	1	first class
2.5	0.3	#F8766D	-1.44566197009996	-1.08336906647183	1	first class
2.5	0.3	#F8766D	0.558708314149124	-2.26539635156826	1	first class
2.5	0.3	#F8766D	-1.55584113475408	-1.22577098565927	1	first class
2.5	0.3	#F8766D	-1.56047564655221	-1.69470697892051	1	first class
2.5	0.3	#F8766D	-0.502149521770761	-2.54875280423022	1	first class
2.5	0.3	#00BFC4	2.25381492106993	3.05008468562714	1	second class
2.5	0.3	#F8766D	-2.26506123460653	-1.46665535362322	1	first class
2.5	0.3	#F8766D	-2.96661715662964	-0.415386250363931	1	first class
4	1	#00BFC4	0.782025085341705	0.497676546890698	2	second class
4	1	#F8766D	0.786913136803078	0.51647060442954	2	first class
2.5	0.3	#00BFC4	0.374960732150743	-0.0717912264755778	2	second class
2.5	0.3	#00BFC4	0.27110877070886	-0.0185753831070887	2	second class
2.5	0.3	#00BFC4	0.619528998987617	0.861108637560955	2	second class
2.5	0.3	#00BFC4	0.938088289423278	-0.220717712254536	2	second class
2.5	0.3	#00BFC4	-0.0260044483072397	0.66679261633058	2	second class
2.5	0.3	#00BFC4	1.42646422147681	0.508968833943465	2	second class
2.5	0.3	#00BFC4	0.694037336260083	1.18130347974915	2	second class
2.5	0.3	#00BFC4	1.15337311783652	1.0530042267305	2	second class
2.5	0.3	#00BFC4	1.55391765353759	0.715226992948991	2	second class
2.5	0.3	#F8766D	0.224081797439462	-0.746681486005245	2	first class
2.5	0.3	#00BFC4	1.82158108163749	0.311991383532642	2	second class
2.5	0.3	#00BFC4	-0.0678237059868452	1.37963948275988	2	second class
2.5	0.3	#00BFC4	1.87813348753304	0.290799237417607	2	second class
2.5	0.3	#F8766D	-0.870712264839054	0.207961998304991	2	first class
2.5	0.3	#F8766D	-0.298644098436315	-0.876145756155386	2	first class
2.5	0.3	#F8766D	-0.88931728405488	0.368602284014458	2	first class
2.5	0.3	#00BFC4	0.704928517007729	-1.30916887564081	2	second class
2.5	0.3	#00BFC4	-0.686693310742413	1.30352864140426	2	second class
2.5	0.3	#00BFC4	1.83778704449452	1.44820977862943	2	second class
2.5	0.3	#F8766D	-0.929491608575424	1.16895596533851	2	first class
2.5	0.3	#00BFC4	-0.138136937011948	1.92226746787974	2	second class
2.5	0.3	#F8766D	-0.599228549405948	-1.04287045729132	2	first class
2.5	0.3	#F8766D	-0.640186172942636	-1.0285467553487	2	first class
2.5	0.3	#00BFC4	1.68864025410009	2.0255713696967	2	second class
2.5	0.3	#F8766D	-0.539083794010798	-1.40288483529908	2	first class
2.5	0.3	#00BFC4	1.89512566104502	2.00573852446226	2	second class
2.5	0.3	#F8766D	-1.47279140772793	-0.784058431256027	2	first class
2.5	0.3	#F8766D	-1.68685285189353	-0.220034881663682	2	first class
2.5	0.3	#F8766D	-1.23017748948328	-1.2079172780196	2	first class
2.5	0.3	#F8766D	0.715064986883281	-2.12310858320335	2	first class
2.5	0.3	#F8766D	-1.44566197009996	-1.08336906647183	2	first class
2.5	0.3	#F8766D	0.558708314149124	-2.26539635156826	2	first class
2.5	0.3	#F8766D	-1.55584113475408	-1.22577098565927	2	first class
2.5	0.3	#F8766D	-1.56047564655221	-1.69470697892051	2	first class
2.5	0.3	#F8766D	-0.502149521770761	-2.54875280423022	2	first class
2.5	0.3	#00BFC4	2.25381492106993	3.05008468562714	2	second class
2.5	0.3	#F8766D	-2.26506123460653	-1.46665535362322	2	first class
2.5	0.3	#F8766D	-2.96661715662964	-0.415386250363931	2	first class
4	1	#00BFC4	0.782025085341705	0.497676546890698	3	second class
4	1	#F8766D	0.786913136803078	0.51647060442954	3	first class
4	1	#00BFC4	0.374960732150743	-0.0717912264755778	3	second class
2.5	0.3	#00BFC4	0.27110877070886	-0.0185753831070887	3	second class
2.5	0.3	#00BFC4	0.619528998987617	0.861108637560955	3	second class
2.5	0.3	#00BFC4	0.938088289423278	-0.220717712254536	3	second class
2.5	0.3	#00BFC4	-0.0260044483072397	0.66679261633058	3	second class
2.5	0.3	#00BFC4	1.42646422147681	0.508968833943465	3	second class
2.5	0.3	#00BFC4	0.694037336260083	1.18130347974915	3	second class
2.5	0.3	#00BFC4	1.15337311783652	1.0530042267305	3	second class
2.5	0.3	#00BFC4	1.55391765353759	0.715226992948991	3	second class
2.5	0.3	#F8766D	0.224081797439462	-0.746681486005245	3	first class
2.5	0.3	#00BFC4	1.82158108163749	0.311991383532642	3	second class
2.5	0.3	#00BFC4	-0.0678237059868452	1.37963948275988	3	second class
2.5	0.3	#00BFC4	1.87813348753304	0.290799237417607	3	second class
2.5	0.3	#F8766D	-0.870712264839054	0.207961998304991	3	first class
2.5	0.3	#F8766D	-0.298644098436315	-0.876145756155386	3	first class
2.5	0.3	#F8766D	-0.88931728405488	0.368602284014458	3	first class
2.5	0.3	#00BFC4	0.704928517007729	-1.30916887564081	3	second class
2.5	0.3	#00BFC4	-0.686693310742413	1.30352864140426	3	second class
2.5	0.3	#00BFC4	1.83778704449452	1.44820977862943	3	second class
2.5	0.3	#F8766D	-0.929491608575424	1.16895596533851	3	first class
2.5	0.3	#00BFC4	-0.138136937011948	1.92226746787974	3	second class
2.5	0.3	#F8766D	-0.599228549405948	-1.04287045729132	3	first class
2.5	0.3	#F8766D	-0.640186172942636	-1.0285467553487	3	first class
2.5	0.3	#00BFC4	1.68864025410009	2.0255713696967	3	second class
2.5	0.3	#F8766D	-0.539083794010798	-1.40288483529908	3	first class
2.5	0.3	#00BFC4	1.89512566104502	2.00573852446226	3	second class
2.5	0.3	#F8766D	-1.47279140772793	-0.784058431256027	3	first class
2.5	0.3	#F8766D	-1.68685285189353	-0.220034881663682	3	first class
2.5	0.3	#F8766D	-1.23017748948328	-1.2079172780196	3	first class
2.5	0.3	#F8766D	0.715064986883281	-2.12310858320335	3	first class
2.5	0.3	#F8766D	-1.44566197009996	-1.08336906647183	3	first class
2.5	0.3	#F8766D	0.558708314149124	-2.26539635156826	3	first class
2.5	0.3	#F8766D	-1.55584113475408	-1.22577098565927	3	first class
2.5	0.3	#F8766D	-1.56047564655221	-1.69470697892051	3	first class
2.5	0.3	#F8766D	-0.502149521770761	-2.54875280423022	3	first class
2.5	0.3	#00BFC4	2.25381492106993	3.05008468562714	3	second class
2.5	0.3	#F8766D	-2.26506123460653	-1.46665535362322	3	first class
2.5	0.3	#F8766D	-2.96661715662964	-0.415386250363931	3	first class
4	1	#00BFC4	0.782025085341705	0.497676546890698	4	second class
4	1	#F8766D	0.786913136803078	0.51647060442954	4	first class
4	1	#00BFC4	0.374960732150743	-0.0717912264755778	4	second class
4	1	#00BFC4	0.27110877070886	-0.0185753831070887	4	second class
2.5	0.3	#00BFC4	0.619528998987617	0.861108637560955	4	second class
2.5	0.3	#00BFC4	0.938088289423278	-0.220717712254536	4	second class
2.5	0.3	#00BFC4	-0.0260044483072397	0.66679261633058	4	second class
2.5	0.3	#00BFC4	1.42646422147681	0.508968833943465	4	second class
2.5	0.3	#00BFC4	0.694037336260083	1.18130347974915	4	second class
2.5	0.3	#00BFC4	1.15337311783652	1.0530042267305	4	second class
2.5	0.3	#00BFC4	1.55391765353759	0.715226992948991	4	second class
2.5	0.3	#F8766D	0.224081797439462	-0.746681486005245	4	first class
2.5	0.3	#00BFC4	1.82158108163749	0.311991383532642	4	second class
2.5	0.3	#00BFC4	-0.0678237059868452	1.37963948275988	4	second class
2.5	0.3	#00BFC4	1.87813348753304	0.290799237417607	4	second class
2.5	0.3	#F8766D	-0.870712264839054	0.207961998304991	4	first class
2.5	0.3	#F8766D	-0.298644098436315	-0.876145756155386	4	first class
2.5	0.3	#F8766D	-0.88931728405488	0.368602284014458	4	first class
2.5	0.3	#00BFC4	0.704928517007729	-1.30916887564081	4	second class
2.5	0.3	#00BFC4	-0.686693310742413	1.30352864140426	4	second class
2.5	0.3	#00BFC4	1.83778704449452	1.44820977862943	4	second class
2.5	0.3	#F8766D	-0.929491608575424	1.16895596533851	4	first class
2.5	0.3	#00BFC4	-0.138136937011948	1.92226746787974	4	second class
2.5	0.3	#F8766D	-0.599228549405948	-1.04287045729132	4	first class
2.5	0.3	#F8766D	-0.640186172942636	-1.0285467553487	4	first class
2.5	0.3	#00BFC4	1.68864025410009	2.0255713696967	4	second class
2.5	0.3	#F8766D	-0.539083794010798	-1.40288483529908	4	first class
2.5	0.3	#00BFC4	1.89512566104502	2.00573852446226	4	second class
2.5	0.3	#F8766D	-1.47279140772793	-0.784058431256027	4	first class
2.5	0.3	#F8766D	-1.68685285189353	-0.220034881663682	4	first class
2.5	0.3	#F8766D	-1.23017748948328	-1.2079172780196	4	first class
2.5	0.3	#F8766D	0.715064986883281	-2.12310858320335	4	first class
2.5	0.3	#F8766D	-1.44566197009996	-1.08336906647183	4	first class
2.5	0.3	#F8766D	0.558708314149124	-2.26539635156826	4	first class
2.5	0.3	#F8766D	-1.55584113475408	-1.22577098565927	4	first class
2.5	0.3	#F8766D	-1.56047564655221	-1.69470697892051	4	first class
2.5	0.3	#F8766D	-0.502149521770761	-2.54875280423022	4	first class
2.5	0.3	#00BFC4	2.25381492106993	3.05008468562714	4	second class
2.5	0.3	#F8766D	-2.26506123460653	-1.46665535362322	4	first class
2.5	0.3	#F8766D	-2.96661715662964	-0.415386250363931	4	first class
4	1	#00BFC4	0.782025085341705	0.497676546890698	5	second class
4	1	#F8766D	0.786913136803078	0.51647060442954	5	first class
4	1	#00BFC4	0.374960732150743	-0.0717912264755778	5	second class
4	1	#00BFC4	0.27110877070886	-0.0185753831070887	5	second class
4	1	#00BFC4	0.619528998987617	0.861108637560955	5	second class
2.5	0.3	#00BFC4	0.938088289423278	-0.220717712254536	5	second class
2.5	0.3	#00BFC4	-0.0260044483072397	0.66679261633058	5	second class
2.5	0.3	#00BFC4	1.42646422147681	0.508968833943465	5	second class
2.5	0.3	#00BFC4	0.694037336260083	1.18130347974915	5	second class
2.5	0.3	#00BFC4	1.15337311783652	1.0530042267305	5	second class
2.5	0.3	#00BFC4	1.55391765353759	0.715226992948991	5	second class
2.5	0.3	#F8766D	0.224081797439462	-0.746681486005245	5	first class
2.5	0.3	#00BFC4	1.82158108163749	0.311991383532642	5	second class
2.5	0.3	#00BFC4	-0.0678237059868452	1.37963948275988	5	second class
2.5	0.3	#00BFC4	1.87813348753304	0.290799237417607	5	second class
2.5	0.3	#F8766D	-0.870712264839054	0.207961998304991	5	first class
2.5	0.3	#F8766D	-0.298644098436315	-0.876145756155386	5	first class
2.5	0.3	#F8766D	-0.88931728405488	0.368602284014458	5	first class
2.5	0.3	#00BFC4	0.704928517007729	-1.30916887564081	5	second class
2.5	0.3	#00BFC4	-0.686693310742413	1.30352864140426	5	second class
2.5	0.3	#00BFC4	1.83778704449452	1.44820977862943	5	second class
2.5	0.3	#F8766D	-0.929491608575424	1.16895596533851	5	first class
2.5	0.3	#00BFC4	-0.138136937011948	1.92226746787974	5	second class
2.5	0.3	#F8766D	-0.599228549405948	-1.04287045729132	5	first class
2.5	0.3	#F8766D	-0.640186172942636	-1.0285467553487	5	first class
2.5	0.3	#00BFC4	1.68864025410009	2.0255713696967	5	second class
2.5	0.3	#F8766D	-0.539083794010798	-1.40288483529908	5	first class
2.5	0.3	#00BFC4	1.89512566104502	2.00573852446226	5	second class
2.5	0.3	#F8766D	-1.47279140772793	-0.784058431256027	5	first class
2.5	0.3	#F8766D	-1.68685285189353	-0.220034881663682	5	first class
2.5	0.3	#F8766D	-1.23017748948328	-1.2079172780196	5	first class
2.5	0.3	#F8766D	0.715064986883281	-2.12310858320335	5	first class
2.5	0.3	#F8766D	-1.44566197009996	-1.08336906647183	5	first class
2.5	0.3	#F8766D	0.558708314149124	-2.26539635156826	5	first class
2.5	0.3	#F8766D	-1.55584113475408	-1.22577098565927	5	first class
2.5	0.3	#F8766D	-1.56047564655221	-1.69470697892051	5	first class
2.5	0.3	#F8766D	-0.502149521770761	-2.54875280423022	5	first class
2.5	0.3	#00BFC4	2.25381492106993	3.05008468562714	5	second class
2.5	0.3	#F8766D	-2.26506123460653	-1.46665535362322	5	first class
2.5	0.3	#F8766D	-2.96661715662964	-0.415386250363931	5	first class
4	1	#00BFC4	0.782025085341705	0.497676546890698	6	second class
4	1	#F8766D	0.786913136803078	0.51647060442954	6	first class
4	1	#00BFC4	0.374960732150743	-0.0717912264755778	6	second class
4	1	#00BFC4	0.27110877070886	-0.0185753831070887	6	second class
4	1	#00BFC4	0.619528998987617	0.861108637560955	6	second class
4	1	#00BFC4	0.938088289423278	-0.220717712254536	6	second class
2.5	0.3	#00BFC4	-0.0260044483072397	0.66679261633058	6	second class
2.5	0.3	#00BFC4	1.42646422147681	0.508968833943465	6	second class
2.5	0.3	#00BFC4	0.694037336260083	1.18130347974915	6	second class
2.5	0.3	#00BFC4	1.15337311783652	1.0530042267305	6	second class
2.5	0.3	#00BFC4	1.55391765353759	0.715226992948991	6	second class
2.5	0.3	#F8766D	0.224081797439462	-0.746681486005245	6	first class
2.5	0.3	#00BFC4	1.82158108163749	0.311991383532642	6	second class
2.5	0.3	#00BFC4	-0.0678237059868452	1.37963948275988	6	second class
2.5	0.3	#00BFC4	1.87813348753304	0.290799237417607	6	second class
2.5	0.3	#F8766D	-0.870712264839054	0.207961998304991	6	first class
2.5	0.3	#F8766D	-0.298644098436315	-0.876145756155386	6	first class
2.5	0.3	#F8766D	-0.88931728405488	0.368602284014458	6	first class
2.5	0.3	#00BFC4	0.704928517007729	-1.30916887564081	6	second class
2.5	0.3	#00BFC4	-0.686693310742413	1.30352864140426	6	second class
2.5	0.3	#00BFC4	1.83778704449452	1.44820977862943	6	second class
2.5	0.3	#F8766D	-0.929491608575424	1.16895596533851	6	first class
2.5	0.3	#00BFC4	-0.138136937011948	1.92226746787974	6	second class
2.5	0.3	#F8766D	-0.599228549405948	-1.04287045729132	6	first class
2.5	0.3	#F8766D	-0.640186172942636	-1.0285467553487	6	first class
2.5	0.3	#00BFC4	1.68864025410009	2.0255713696967	6	second class
2.5	0.3	#F8766D	-0.539083794010798	-1.40288483529908	6	first class
2.5	0.3	#00BFC4	1.89512566104502	2.00573852446226	6	second class
2.5	0.3	#F8766D	-1.47279140772793	-0.784058431256027	6	first class
2.5	0.3	#F8766D	-1.68685285189353	-0.220034881663682	6	first class
2.5	0.3	#F8766D	-1.23017748948328	-1.2079172780196	6	first class
2.5	0.3	#F8766D	0.715064986883281	-2.12310858320335	6	first class
2.5	0.3	#F8766D	-1.44566197009996	-1.08336906647183	6	first class
2.5	0.3	#F8766D	0.558708314149124	-2.26539635156826	6	first class
2.5	0.3	#F8766D	-1.55584113475408	-1.22577098565927	6	first class
2.5	0.3	#F8766D	-1.56047564655221	-1.69470697892051	6	first class
2.5	0.3	#F8766D	-0.502149521770761	-2.54875280423022	6	first class
2.5	0.3	#00BFC4	2.25381492106993	3.05008468562714	6	second class
2.5	0.3	#F8766D	-2.26506123460653	-1.46665535362322	6	first class
2.5	0.3	#F8766D	-2.96661715662964	-0.415386250363931	6	first class
4	1	#00BFC4	0.782025085341705	0.497676546890698	7	second class
4	1	#F8766D	0.786913136803078	0.51647060442954	7	first class
4	1	#00BFC4	0.374960732150743	-0.0717912264755778	7	second class
4	1	#00BFC4	0.27110877070886	-0.0185753831070887	7	second class
4	1	#00BFC4	0.619528998987617	0.861108637560955	7	second class
4	1	#00BFC4	0.938088289423278	-0.220717712254536	7	second class
4	1	#00BFC4	-0.0260044483072397	0.66679261633058	7	second class
2.5	0.3	#00BFC4	1.42646422147681	0.508968833943465	7	second class
2.5	0.3	#00BFC4	0.694037336260083	1.18130347974915	7	second class
2.5	0.3	#00BFC4	1.15337311783652	1.0530042267305	7	second class
2.5	0.3	#00BFC4	1.55391765353759	0.715226992948991	7	second class
2.5	0.3	#F8766D	0.224081797439462	-0.746681486005245	7	first class
2.5	0.3	#00BFC4	1.82158108163749	0.311991383532642	7	second class
2.5	0.3	#00BFC4	-0.0678237059868452	1.37963948275988	7	second class
2.5	0.3	#00BFC4	1.87813348753304	0.290799237417607	7	second class
2.5	0.3	#F8766D	-0.870712264839054	0.207961998304991	7	first class
2.5	0.3	#F8766D	-0.298644098436315	-0.876145756155386	7	first class
2.5	0.3	#F8766D	-0.88931728405488	0.368602284014458	7	first class
2.5	0.3	#00BFC4	0.704928517007729	-1.30916887564081	7	second class
2.5	0.3	#00BFC4	-0.686693310742413	1.30352864140426	7	second class
2.5	0.3	#00BFC4	1.83778704449452	1.44820977862943	7	second class
2.5	0.3	#F8766D	-0.929491608575424	1.16895596533851	7	first class
2.5	0.3	#00BFC4	-0.138136937011948	1.92226746787974	7	second class
2.5	0.3	#F8766D	-0.599228549405948	-1.04287045729132	7	first class
2.5	0.3	#F8766D	-0.640186172942636	-1.0285467553487	7	first class
2.5	0.3	#00BFC4	1.68864025410009	2.0255713696967	7	second class
2.5	0.3	#F8766D	-0.539083794010798	-1.40288483529908	7	first class
2.5	0.3	#00BFC4	1.89512566104502	2.00573852446226	7	second class
2.5	0.3	#F8766D	-1.47279140772793	-0.784058431256027	7	first class
2.5	0.3	#F8766D	-1.68685285189353	-0.220034881663682	7	first class
2.5	0.3	#F8766D	-1.23017748948328	-1.2079172780196	7	first class
2.5	0.3	#F8766D	0.715064986883281	-2.12310858320335	7	first class
2.5	0.3	#F8766D	-1.44566197009996	-1.08336906647183	7	first class
2.5	0.3	#F8766D	0.558708314149124	-2.26539635156826	7	first class
2.5	0.3	#F8766D	-1.55584113475408	-1.22577098565927	7	first class
2.5	0.3	#F8766D	-1.56047564655221	-1.69470697892051	7	first class
2.5	0.3	#F8766D	-0.502149521770761	-2.54875280423022	7	first class
2.5	0.3	#00BFC4	2.25381492106993	3.05008468562714	7	second class
2.5	0.3	#F8766D	-2.26506123460653	-1.46665535362322	7	first class
2.5	0.3	#F8766D	-2.96661715662964	-0.415386250363931	7	first class
4	1	#00BFC4	0.782025085341705	0.497676546890698	8	second class
4	1	#F8766D	0.786913136803078	0.51647060442954	8	first class
4	1	#00BFC4	0.374960732150743	-0.0717912264755778	8	second class
4	1	#00BFC4	0.27110877070886	-0.0185753831070887	8	second class
4	1	#00BFC4	0.619528998987617	0.861108637560955	8	second class
4	1	#00BFC4	0.938088289423278	-0.220717712254536	8	second class
4	1	#00BFC4	-0.0260044483072397	0.66679261633058	8	second class
4	1	#00BFC4	1.42646422147681	0.508968833943465	8	second class
2.5	0.3	#00BFC4	0.694037336260083	1.18130347974915	8	second class
2.5	0.3	#00BFC4	1.15337311783652	1.0530042267305	8	second class
2.5	0.3	#00BFC4	1.55391765353759	0.715226992948991	8	second class
2.5	0.3	#F8766D	0.224081797439462	-0.746681486005245	8	first class
2.5	0.3	#00BFC4	1.82158108163749	0.311991383532642	8	second class
2.5	0.3	#00BFC4	-0.0678237059868452	1.37963948275988	8	second class
2.5	0.3	#00BFC4	1.87813348753304	0.290799237417607	8	second class
2.5	0.3	#F8766D	-0.870712264839054	0.207961998304991	8	first class
2.5	0.3	#F8766D	-0.298644098436315	-0.876145756155386	8	first class
2.5	0.3	#F8766D	-0.88931728405488	0.368602284014458	8	first class
2.5	0.3	#00BFC4	0.704928517007729	-1.30916887564081	8	second class
2.5	0.3	#00BFC4	-0.686693310742413	1.30352864140426	8	second class
2.5	0.3	#00BFC4	1.83778704449452	1.44820977862943	8	second class
2.5	0.3	#F8766D	-0.929491608575424	1.16895596533851	8	first class
2.5	0.3	#00BFC4	-0.138136937011948	1.92226746787974	8	second class
2.5	0.3	#F8766D	-0.599228549405948	-1.04287045729132	8	first class
2.5	0.3	#F8766D	-0.640186172942636	-1.0285467553487	8	first class
2.5	0.3	#00BFC4	1.68864025410009	2.0255713696967	8	second class
2.5	0.3	#F8766D	-0.539083794010798	-1.40288483529908	8	first class
2.5	0.3	#00BFC4	1.89512566104502	2.00573852446226	8	second class
2.5	0.3	#F8766D	-1.47279140772793	-0.784058431256027	8	first class
2.5	0.3	#F8766D	-1.68685285189353	-0.220034881663682	8	first class
2.5	0.3	#F8766D	-1.23017748948328	-1.2079172780196	8	first class
2.5	0.3	#F8766D	0.715064986883281	-2.12310858320335	8	first class
2.5	0.3	#F8766D	-1.44566197009996	-1.08336906647183	8	first class
2.5	0.3	#F8766D	0.558708314149124	-2.26539635156826	8	first class
2.5	0.3	#F8766D	-1.55584113475408	-1.22577098565927	8	first class
2.5	0.3	#F8766D	-1.56047564655221	-1.69470697892051	8	first class
2.5	0.3	#F8766D	-0.502149521770761	-2.54875280423022	8	first class
2.5	0.3	#00BFC4	2.25381492106993	3.05008468562714	8	second class
2.5	0.3	#F8766D	-2.26506123460653	-1.46665535362322	8	first class
2.5	0.3	#F8766D	-2.96661715662964	-0.415386250363931	8	first class
4	1	#00BFC4	0.782025085341705	0.497676546890698	9	second class
4	1	#F8766D	0.786913136803078	0.51647060442954	9	first class
4	1	#00BFC4	0.374960732150743	-0.0717912264755778	9	second class
4	1	#00BFC4	0.27110877070886	-0.0185753831070887	9	second class
4	1	#00BFC4	0.619528998987617	0.861108637560955	9	second class
4	1	#00BFC4	0.938088289423278	-0.220717712254536	9	second class
4	1	#00BFC4	-0.0260044483072397	0.66679261633058	9	second class
4	1	#00BFC4	1.42646422147681	0.508968833943465	9	second class
4	1	#00BFC4	0.694037336260083	1.18130347974915	9	second class
2.5	0.3	#00BFC4	1.15337311783652	1.0530042267305	9	second class
2.5	0.3	#00BFC4	1.55391765353759	0.715226992948991	9	second class
2.5	0.3	#F8766D	0.224081797439462	-0.746681486005245	9	first class
2.5	0.3	#00BFC4	1.82158108163749	0.311991383532642	9	second class
2.5	0.3	#00BFC4	-0.0678237059868452	1.37963948275988	9	second class
2.5	0.3	#00BFC4	1.87813348753304	0.290799237417607	9	second class
2.5	0.3	#F8766D	-0.870712264839054	0.207961998304991	9	first class
2.5	0.3	#F8766D	-0.298644098436315	-0.876145756155386	9	first class
2.5	0.3	#F8766D	-0.88931728405488	0.368602284014458	9	first class
2.5	0.3	#00BFC4	0.704928517007729	-1.30916887564081	9	second class
2.5	0.3	#00BFC4	-0.686693310742413	1.30352864140426	9	second class
2.5	0.3	#00BFC4	1.83778704449452	1.44820977862943	9	second class
2.5	0.3	#F8766D	-0.929491608575424	1.16895596533851	9	first class
2.5	0.3	#00BFC4	-0.138136937011948	1.92226746787974	9	second class
2.5	0.3	#F8766D	-0.599228549405948	-1.04287045729132	9	first class
2.5	0.3	#F8766D	-0.640186172942636	-1.0285467553487	9	first class
2.5	0.3	#00BFC4	1.68864025410009	2.0255713696967	9	second class
2.5	0.3	#F8766D	-0.539083794010798	-1.40288483529908	9	first class
2.5	0.3	#00BFC4	1.89512566104502	2.00573852446226	9	second class
2.5	0.3	#F8766D	-1.47279140772793	-0.784058431256027	9	first class
2.5	0.3	#F8766D	-1.68685285189353	-0.220034881663682	9	first class
2.5	0.3	#F8766D	-1.23017748948328	-1.2079172780196	9	first class
2.5	0.3	#F8766D	0.715064986883281	-2.12310858320335	9	first class
2.5	0.3	#F8766D	-1.44566197009996	-1.08336906647183	9	first class
2.5	0.3	#F8766D	0.558708314149124	-2.26539635156826	9	first class
2.5	0.3	#F8766D	-1.55584113475408	-1.22577098565927	9	first class
2.5	0.3	#F8766D	-1.56047564655221	-1.69470697892051	9	first class
2.5	0.3	#F8766D	-0.502149521770761	-2.54875280423022	9	first class
2.5	0.3	#00BFC4	2.25381492106993	3.05008468562714	9	second class
2.5	0.3	#F8766D	-2.26506123460653	-1.46665535362322	9	first class
2.5	0.3	#F8766D	-2.96661715662964	-0.415386250363931	9	first class
4	1	#00BFC4	0.782025085341705	0.497676546890698	10	second class
4	1	#F8766D	0.786913136803078	0.51647060442954	10	first class
4	1	#00BFC4	0.374960732150743	-0.0717912264755778	10	second class
4	1	#00BFC4	0.27110877070886	-0.0185753831070887	10	second class
4	1	#00BFC4	0.619528998987617	0.861108637560955	10	second class
4	1	#00BFC4	0.938088289423278	-0.220717712254536	10	second class
4	1	#00BFC4	-0.0260044483072397	0.66679261633058	10	second class
4	1	#00BFC4	1.42646422147681	0.508968833943465	10	second class
4	1	#00BFC4	0.694037336260083	1.18130347974915	10	second class
4	1	#00BFC4	1.15337311783652	1.0530042267305	10	second class
2.5	0.3	#00BFC4	1.55391765353759	0.715226992948991	10	second class
2.5	0.3	#F8766D	0.224081797439462	-0.746681486005245	10	first class
2.5	0.3	#00BFC4	1.82158108163749	0.311991383532642	10	second class
2.5	0.3	#00BFC4	-0.0678237059868452	1.37963948275988	10	second class
2.5	0.3	#00BFC4	1.87813348753304	0.290799237417607	10	second class
2.5	0.3	#F8766D	-0.870712264839054	0.207961998304991	10	first class
2.5	0.3	#F8766D	-0.298644098436315	-0.876145756155386	10	first class
2.5	0.3	#F8766D	-0.88931728405488	0.368602284014458	10	first class
2.5	0.3	#00BFC4	0.704928517007729	-1.30916887564081	10	second class
2.5	0.3	#00BFC4	-0.686693310742413	1.30352864140426	10	second class
2.5	0.3	#00BFC4	1.83778704449452	1.44820977862943	10	second class
2.5	0.3	#F8766D	-0.929491608575424	1.16895596533851	10	first class
2.5	0.3	#00BFC4	-0.138136937011948	1.92226746787974	10	second class
2.5	0.3	#F8766D	-0.599228549405948	-1.04287045729132	10	first class
2.5	0.3	#F8766D	-0.640186172942636	-1.0285467553487	10	first class
2.5	0.3	#00BFC4	1.68864025410009	2.0255713696967	10	second class
2.5	0.3	#F8766D	-0.539083794010798	-1.40288483529908	10	first class
2.5	0.3	#00BFC4	1.89512566104502	2.00573852446226	10	second class
2.5	0.3	#F8766D	-1.47279140772793	-0.784058431256027	10	first class
2.5	0.3	#F8766D	-1.68685285189353	-0.220034881663682	10	first class
2.5	0.3	#F8766D	-1.23017748948328	-1.2079172780196	10	first class
2.5	0.3	#F8766D	0.715064986883281	-2.12310858320335	10	first class
2.5	0.3	#F8766D	-1.44566197009996	-1.08336906647183	10	first class
2.5	0.3	#F8766D	0.558708314149124	-2.26539635156826	10	first class
2.5	0.3	#F8766D	-1.55584113475408	-1.22577098565927	10	first class
2.5	0.3	#F8766D	-1.56047564655221	-1.69470697892051	10	first class
2.5	0.3	#F8766D	-0.502149521770761	-2.54875280423022	10	first class
2.5	0.3	#00BFC4	2.25381492106993	3.05008468562714	10	second class
2.5	0.3	#F8766D	-2.26506123460653	-1.46665535362322	10	first class
2.5	0.3	#F8766D	-2.96661715662964	-0.415386250363931	10	first class
4	1	#00BFC4	0.782025085341705	0.497676546890698	11	second class
4	1	#F8766D	0.786913136803078	0.51647060442954	11	first class
4	1	#00BFC4	0.374960732150743	-0.0717912264755778	11	second class
4	1	#00BFC4	0.27110877070886	-0.0185753831070887	11	second class
4	1	#00BFC4	0.619528998987617	0.861108637560955	11	second class
4	1	#00BFC4	0.938088289423278	-0.220717712254536	11	second class
4	1	#00BFC4	-0.0260044483072397	0.66679261633058	11	second class
4	1	#00BFC4	1.42646422147681	0.508968833943465	11	second class
4	1	#00BFC4	0.694037336260083	1.18130347974915	11	second class
4	1	#00BFC4	1.15337311783652	1.0530042267305	11	second class
4	1	#00BFC4	1.55391765353759	0.715226992948991	11	second class
2.5	0.3	#F8766D	0.224081797439462	-0.746681486005245	11	first class
2.5	0.3	#00BFC4	1.82158108163749	0.311991383532642	11	second class
2.5	0.3	#00BFC4	-0.0678237059868452	1.37963948275988	11	second class
2.5	0.3	#00BFC4	1.87813348753304	0.290799237417607	11	second class
2.5	0.3	#F8766D	-0.870712264839054	0.207961998304991	11	first class
2.5	0.3	#F8766D	-0.298644098436315	-0.876145756155386	11	first class
2.5	0.3	#F8766D	-0.88931728405488	0.368602284014458	11	first class
2.5	0.3	#00BFC4	0.704928517007729	-1.30916887564081	11	second class
2.5	0.3	#00BFC4	-0.686693310742413	1.30352864140426	11	second class
2.5	0.3	#00BFC4	1.83778704449452	1.44820977862943	11	second class
2.5	0.3	#F8766D	-0.929491608575424	1.16895596533851	11	first class
2.5	0.3	#00BFC4	-0.138136937011948	1.92226746787974	11	second class
2.5	0.3	#F8766D	-0.599228549405948	-1.04287045729132	11	first class
2.5	0.3	#F8766D	-0.640186172942636	-1.0285467553487	11	first class
2.5	0.3	#00BFC4	1.68864025410009	2.0255713696967	11	second class
2.5	0.3	#F8766D	-0.539083794010798	-1.40288483529908	11	first class
2.5	0.3	#00BFC4	1.89512566104502	2.00573852446226	11	second class
2.5	0.3	#F8766D	-1.47279140772793	-0.784058431256027	11	first class
2.5	0.3	#F8766D	-1.68685285189353	-0.220034881663682	11	first class
2.5	0.3	#F8766D	-1.23017748948328	-1.2079172780196	11	first class
2.5	0.3	#F8766D	0.715064986883281	-2.12310858320335	11	first class
2.5	0.3	#F8766D	-1.44566197009996	-1.08336906647183	11	first class
2.5	0.3	#F8766D	0.558708314149124	-2.26539635156826	11	first class
2.5	0.3	#F8766D	-1.55584113475408	-1.22577098565927	11	first class
2.5	0.3	#F8766D	-1.56047564655221	-1.69470697892051	11	first class
2.5	0.3	#F8766D	-0.502149521770761	-2.54875280423022	11	first class
2.5	0.3	#00BFC4	2.25381492106993	3.05008468562714	11	second class
2.5	0.3	#F8766D	-2.26506123460653	-1.46665535362322	11	first class
2.5	0.3	#F8766D	-2.96661715662964	-0.415386250363931	11	first class
4	1	#00BFC4	0.782025085341705	0.497676546890698	12	second class
4	1	#F8766D	0.786913136803078	0.51647060442954	12	first class
4	1	#00BFC4	0.374960732150743	-0.0717912264755778	12	second class
4	1	#00BFC4	0.27110877070886	-0.0185753831070887	12	second class
4	1	#00BFC4	0.619528998987617	0.861108637560955	12	second class
4	1	#00BFC4	0.938088289423278	-0.220717712254536	12	second class
4	1	#00BFC4	-0.0260044483072397	0.66679261633058	12	second class
4	1	#00BFC4	1.42646422147681	0.508968833943465	12	second class
4	1	#00BFC4	0.694037336260083	1.18130347974915	12	second class
4	1	#00BFC4	1.15337311783652	1.0530042267305	12	second class
4	1	#00BFC4	1.55391765353759	0.715226992948991	12	second class
4	1	#F8766D	0.224081797439462	-0.746681486005245	12	first class
2.5	0.3	#00BFC4	1.82158108163749	0.311991383532642	12	second class
2.5	0.3	#00BFC4	-0.0678237059868452	1.37963948275988	12	second class
2.5	0.3	#00BFC4	1.87813348753304	0.290799237417607	12	second class
2.5	0.3	#F8766D	-0.870712264839054	0.207961998304991	12	first class
2.5	0.3	#F8766D	-0.298644098436315	-0.876145756155386	12	first class
2.5	0.3	#F8766D	-0.88931728405488	0.368602284014458	12	first class
2.5	0.3	#00BFC4	0.704928517007729	-1.30916887564081	12	second class
2.5	0.3	#00BFC4	-0.686693310742413	1.30352864140426	12	second class
2.5	0.3	#00BFC4	1.83778704449452	1.44820977862943	12	second class
2.5	0.3	#F8766D	-0.929491608575424	1.16895596533851	12	first class
2.5	0.3	#00BFC4	-0.138136937011948	1.92226746787974	12	second class
2.5	0.3	#F8766D	-0.599228549405948	-1.04287045729132	12	first class
2.5	0.3	#F8766D	-0.640186172942636	-1.0285467553487	12	first class
2.5	0.3	#00BFC4	1.68864025410009	2.0255713696967	12	second class
2.5	0.3	#F8766D	-0.539083794010798	-1.40288483529908	12	first class
2.5	0.3	#00BFC4	1.89512566104502	2.00573852446226	12	second class
2.5	0.3	#F8766D	-1.47279140772793	-0.784058431256027	12	first class
2.5	0.3	#F8766D	-1.68685285189353	-0.220034881663682	12	first class
2.5	0.3	#F8766D	-1.23017748948328	-1.2079172780196	12	first class
2.5	0.3	#F8766D	0.715064986883281	-2.12310858320335	12	first class
2.5	0.3	#F8766D	-1.44566197009996	-1.08336906647183	12	first class
2.5	0.3	#F8766D	0.558708314149124	-2.26539635156826	12	first class
2.5	0.3	#F8766D	-1.55584113475408	-1.22577098565927	12	first class
2.5	0.3	#F8766D	-1.56047564655221	-1.69470697892051	12	first class
2.5	0.3	#F8766D	-0.502149521770761	-2.54875280423022	12	first class
2.5	0.3	#00BFC4	2.25381492106993	3.05008468562714	12	second class
2.5	0.3	#F8766D	-2.26506123460653	-1.46665535362322	12	first class
2.5	0.3	#F8766D	-2.96661715662964	-0.415386250363931	12	first class
4	1	#00BFC4	0.782025085341705	0.497676546890698	13	second class
4	1	#F8766D	0.786913136803078	0.51647060442954	13	first class
4	1	#00BFC4	0.374960732150743	-0.0717912264755778	13	second class
4	1	#00BFC4	0.27110877070886	-0.0185753831070887	13	second class
4	1	#00BFC4	0.619528998987617	0.861108637560955	13	second class
4	1	#00BFC4	0.938088289423278	-0.220717712254536	13	second class
4	1	#00BFC4	-0.0260044483072397	0.66679261633058	13	second class
4	1	#00BFC4	1.42646422147681	0.508968833943465	13	second class
4	1	#00BFC4	0.694037336260083	1.18130347974915	13	second class
4	1	#00BFC4	1.15337311783652	1.0530042267305	13	second class
4	1	#00BFC4	1.55391765353759	0.715226992948991	13	second class
4	1	#F8766D	0.224081797439462	-0.746681486005245	13	first class
4	1	#00BFC4	1.82158108163749	0.311991383532642	13	second class
2.5	0.3	#00BFC4	-0.0678237059868452	1.37963948275988	13	second class
2.5	0.3	#00BFC4	1.87813348753304	0.290799237417607	13	second class
2.5	0.3	#F8766D	-0.870712264839054	0.207961998304991	13	first class
2.5	0.3	#F8766D	-0.298644098436315	-0.876145756155386	13	first class
2.5	0.3	#F8766D	-0.88931728405488	0.368602284014458	13	first class
2.5	0.3	#00BFC4	0.704928517007729	-1.30916887564081	13	second class
2.5	0.3	#00BFC4	-0.686693310742413	1.30352864140426	13	second class
2.5	0.3	#00BFC4	1.83778704449452	1.44820977862943	13	second class
2.5	0.3	#F8766D	-0.929491608575424	1.16895596533851	13	first class
2.5	0.3	#00BFC4	-0.138136937011948	1.92226746787974	13	second class
2.5	0.3	#F8766D	-0.599228549405948	-1.04287045729132	13	first class
2.5	0.3	#F8766D	-0.640186172942636	-1.0285467553487	13	first class
2.5	0.3	#00BFC4	1.68864025410009	2.0255713696967	13	second class
2.5	0.3	#F8766D	-0.539083794010798	-1.40288483529908	13	first class
2.5	0.3	#00BFC4	1.89512566104502	2.00573852446226	13	second class
2.5	0.3	#F8766D	-1.47279140772793	-0.784058431256027	13	first class
2.5	0.3	#F8766D	-1.68685285189353	-0.220034881663682	13	first class
2.5	0.3	#F8766D	-1.23017748948328	-1.2079172780196	13	first class
2.5	0.3	#F8766D	0.715064986883281	-2.12310858320335	13	first class
2.5	0.3	#F8766D	-1.44566197009996	-1.08336906647183	13	first class
2.5	0.3	#F8766D	0.558708314149124	-2.26539635156826	13	first class
2.5	0.3	#F8766D	-1.55584113475408	-1.22577098565927	13	first class
2.5	0.3	#F8766D	-1.56047564655221	-1.69470697892051	13	first class
2.5	0.3	#F8766D	-0.502149521770761	-2.54875280423022	13	first class
2.5	0.3	#00BFC4	2.25381492106993	3.05008468562714	13	second class
2.5	0.3	#F8766D	-2.26506123460653	-1.46665535362322	13	first class
2.5	0.3	#F8766D	-2.96661715662964	-0.415386250363931	13	first class
4	1	#00BFC4	0.782025085341705	0.497676546890698	14	second class
4	1	#F8766D	0.786913136803078	0.51647060442954	14	first class
4	1	#00BFC4	0.374960732150743	-0.0717912264755778	14	second class
4	1	#00BFC4	0.27110877070886	-0.0185753831070887	14	second class
4	1	#00BFC4	0.619528998987617	0.861108637560955	14	second class
4	1	#00BFC4	0.938088289423278	-0.220717712254536	14	second class
4	1	#00BFC4	-0.0260044483072397	0.66679261633058	14	second class
4	1	#00BFC4	1.42646422147681	0.508968833943465	14	second class
4	1	#00BFC4	0.694037336260083	1.18130347974915	14	second class
4	1	#00BFC4	1.15337311783652	1.0530042267305	14	second class
4	1	#00BFC4	1.55391765353759	0.715226992948991	14	second class
4	1	#F8766D	0.224081797439462	-0.746681486005245	14	first class
4	1	#00BFC4	1.82158108163749	0.311991383532642	14	second class
4	1	#00BFC4	-0.0678237059868452	1.37963948275988	14	second class
2.5	0.3	#00BFC4	1.87813348753304	0.290799237417607	14	second class
2.5	0.3	#F8766D	-0.870712264839054	0.207961998304991	14	first class
2.5	0.3	#F8766D	-0.298644098436315	-0.876145756155386	14	first class
2.5	0.3	#F8766D	-0.88931728405488	0.368602284014458	14	first class
2.5	0.3	#00BFC4	0.704928517007729	-1.30916887564081	14	second class
2.5	0.3	#00BFC4	-0.686693310742413	1.30352864140426	14	second class
2.5	0.3	#00BFC4	1.83778704449452	1.44820977862943	14	second class
2.5	0.3	#F8766D	-0.929491608575424	1.16895596533851	14	first class
2.5	0.3	#00BFC4	-0.138136937011948	1.92226746787974	14	second class
2.5	0.3	#F8766D	-0.599228549405948	-1.04287045729132	14	first class
2.5	0.3	#F8766D	-0.640186172942636	-1.0285467553487	14	first class
2.5	0.3	#00BFC4	1.68864025410009	2.0255713696967	14	second class
2.5	0.3	#F8766D	-0.539083794010798	-1.40288483529908	14	first class
2.5	0.3	#00BFC4	1.89512566104502	2.00573852446226	14	second class
2.5	0.3	#F8766D	-1.47279140772793	-0.784058431256027	14	first class
2.5	0.3	#F8766D	-1.68685285189353	-0.220034881663682	14	first class
2.5	0.3	#F8766D	-1.23017748948328	-1.2079172780196	14	first class
2.5	0.3	#F8766D	0.715064986883281	-2.12310858320335	14	first class
2.5	0.3	#F8766D	-1.44566197009996	-1.08336906647183	14	first class
2.5	0.3	#F8766D	0.558708314149124	-2.26539635156826	14	first class
2.5	0.3	#F8766D	-1.55584113475408	-1.22577098565927	14	first class
2.5	0.3	#F8766D	-1.56047564655221	-1.69470697892051	14	first class
2.5	0.3	#F8766D	-0.502149521770761	-2.54875280423022	14	first class
2.5	0.3	#00BFC4	2.25381492106993	3.05008468562714	14	second class
2.5	0.3	#F8766D	-2.26506123460653	-1.46665535362322	14	first class
2.5	0.3	#F8766D	-2.96661715662964	-0.415386250363931	14	first class
4	1	#00BFC4	0.782025085341705	0.497676546890698	15	second class
4	1	#F8766D	0.786913136803078	0.51647060442954	15	first class
4	1	#00BFC4	0.374960732150743	-0.0717912264755778	15	second class
4	1	#00BFC4	0.27110877070886	-0.0185753831070887	15	second class
4	1	#00BFC4	0.619528998987617	0.861108637560955	15	second class
4	1	#00BFC4	0.938088289423278	-0.220717712254536	15	second class
4	1	#00BFC4	-0.0260044483072397	0.66679261633058	15	second class
4	1	#00BFC4	1.42646422147681	0.508968833943465	15	second class
4	1	#00BFC4	0.694037336260083	1.18130347974915	15	second class
4	1	#00BFC4	1.15337311783652	1.0530042267305	15	second class
4	1	#00BFC4	1.55391765353759	0.715226992948991	15	second class
4	1	#F8766D	0.224081797439462	-0.746681486005245	15	first class
4	1	#00BFC4	1.82158108163749	0.311991383532642	15	second class
4	1	#00BFC4	-0.0678237059868452	1.37963948275988	15	second class
4	1	#00BFC4	1.87813348753304	0.290799237417607	15	second class
2.5	0.3	#F8766D	-0.870712264839054	0.207961998304991	15	first class
2.5	0.3	#F8766D	-0.298644098436315	-0.876145756155386	15	first class
2.5	0.3	#F8766D	-0.88931728405488	0.368602284014458	15	first class
2.5	0.3	#00BFC4	0.704928517007729	-1.30916887564081	15	second class
2.5	0.3	#00BFC4	-0.686693310742413	1.30352864140426	15	second class
2.5	0.3	#00BFC4	1.83778704449452	1.44820977862943	15	second class
2.5	0.3	#F8766D	-0.929491608575424	1.16895596533851	15	first class
2.5	0.3	#00BFC4	-0.138136937011948	1.92226746787974	15	second class
2.5	0.3	#F8766D	-0.599228549405948	-1.04287045729132	15	first class
2.5	0.3	#F8766D	-0.640186172942636	-1.0285467553487	15	first class
2.5	0.3	#00BFC4	1.68864025410009	2.0255713696967	15	second class
2.5	0.3	#F8766D	-0.539083794010798	-1.40288483529908	15	first class
2.5	0.3	#00BFC4	1.89512566104502	2.00573852446226	15	second class
2.5	0.3	#F8766D	-1.47279140772793	-0.784058431256027	15	first class
2.5	0.3	#F8766D	-1.68685285189353	-0.220034881663682	15	first class
2.5	0.3	#F8766D	-1.23017748948328	-1.2079172780196	15	first class
2.5	0.3	#F8766D	0.715064986883281	-2.12310858320335	15	first class
2.5	0.3	#F8766D	-1.44566197009996	-1.08336906647183	15	first class
2.5	0.3	#F8766D	0.558708314149124	-2.26539635156826	15	first class
2.5	0.3	#F8766D	-1.55584113475408	-1.22577098565927	15	first class
2.5	0.3	#F8766D	-1.56047564655221	-1.69470697892051	15	first class
2.5	0.3	#F8766D	-0.502149521770761	-2.54875280423022	15	first class
2.5	0.3	#00BFC4	2.25381492106993	3.05008468562714	15	second class
2.5	0.3	#F8766D	-2.26506123460653	-1.46665535362322	15	first class
2.5	0.3	#F8766D	-2.96661715662964	-0.415386250363931	15	first class
4	1	#00BFC4	0.782025085341705	0.497676546890698	16	second class
4	1	#F8766D	0.786913136803078	0.51647060442954	16	first class
4	1	#00BFC4	0.374960732150743	-0.0717912264755778	16	second class
4	1	#00BFC4	0.27110877070886	-0.0185753831070887	16	second class
4	1	#00BFC4	0.619528998987617	0.861108637560955	16	second class
4	1	#00BFC4	0.938088289423278	-0.220717712254536	16	second class
4	1	#00BFC4	-0.0260044483072397	0.66679261633058	16	second class
4	1	#00BFC4	1.42646422147681	0.508968833943465	16	second class
4	1	#00BFC4	0.694037336260083	1.18130347974915	16	second class
4	1	#00BFC4	1.15337311783652	1.0530042267305	16	second class
4	1	#00BFC4	1.55391765353759	0.715226992948991	16	second class
4	1	#F8766D	0.224081797439462	-0.746681486005245	16	first class
4	1	#00BFC4	1.82158108163749	0.311991383532642	16	second class
4	1	#00BFC4	-0.0678237059868452	1.37963948275988	16	second class
4	1	#00BFC4	1.87813348753304	0.290799237417607	16	second class
4	1	#F8766D	-0.870712264839054	0.207961998304991	16	first class
2.5	0.3	#F8766D	-0.298644098436315	-0.876145756155386	16	first class
2.5	0.3	#F8766D	-0.88931728405488	0.368602284014458	16	first class
2.5	0.3	#00BFC4	0.704928517007729	-1.30916887564081	16	second class
2.5	0.3	#00BFC4	-0.686693310742413	1.30352864140426	16	second class
2.5	0.3	#00BFC4	1.83778704449452	1.44820977862943	16	second class
2.5	0.3	#F8766D	-0.929491608575424	1.16895596533851	16	first class
2.5	0.3	#00BFC4	-0.138136937011948	1.92226746787974	16	second class
2.5	0.3	#F8766D	-0.599228549405948	-1.04287045729132	16	first class
2.5	0.3	#F8766D	-0.640186172942636	-1.0285467553487	16	first class
2.5	0.3	#00BFC4	1.68864025410009	2.0255713696967	16	second class
2.5	0.3	#F8766D	-0.539083794010798	-1.40288483529908	16	first class
2.5	0.3	#00BFC4	1.89512566104502	2.00573852446226	16	second class
2.5	0.3	#F8766D	-1.47279140772793	-0.784058431256027	16	first class
2.5	0.3	#F8766D	-1.68685285189353	-0.220034881663682	16	first class
2.5	0.3	#F8766D	-1.23017748948328	-1.2079172780196	16	first class
2.5	0.3	#F8766D	0.715064986883281	-2.12310858320335	16	first class
2.5	0.3	#F8766D	-1.44566197009996	-1.08336906647183	16	first class
2.5	0.3	#F8766D	0.558708314149124	-2.26539635156826	16	first class
2.5	0.3	#F8766D	-1.55584113475408	-1.22577098565927	16	first class
2.5	0.3	#F8766D	-1.56047564655221	-1.69470697892051	16	first class
2.5	0.3	#F8766D	-0.502149521770761	-2.54875280423022	16	first class
2.5	0.3	#00BFC4	2.25381492106993	3.05008468562714	16	second class
2.5	0.3	#F8766D	-2.26506123460653	-1.46665535362322	16	first class
2.5	0.3	#F8766D	-2.96661715662964	-0.415386250363931	16	first class
4	1	#00BFC4	0.782025085341705	0.497676546890698	17	second class
4	1	#F8766D	0.786913136803078	0.51647060442954	17	first class
4	1	#00BFC4	0.374960732150743	-0.0717912264755778	17	second class
4	1	#00BFC4	0.27110877070886	-0.0185753831070887	17	second class
4	1	#00BFC4	0.619528998987617	0.861108637560955	17	second class
4	1	#00BFC4	0.938088289423278	-0.220717712254536	17	second class
4	1	#00BFC4	-0.0260044483072397	0.66679261633058	17	second class
4	1	#00BFC4	1.42646422147681	0.508968833943465	17	second class
4	1	#00BFC4	0.694037336260083	1.18130347974915	17	second class
4	1	#00BFC4	1.15337311783652	1.0530042267305	17	second class
4	1	#00BFC4	1.55391765353759	0.715226992948991	17	second class
4	1	#F8766D	0.224081797439462	-0.746681486005245	17	first class
4	1	#00BFC4	1.82158108163749	0.311991383532642	17	second class
4	1	#00BFC4	-0.0678237059868452	1.37963948275988	17	second class
4	1	#00BFC4	1.87813348753304	0.290799237417607	17	second class
4	1	#F8766D	-0.870712264839054	0.207961998304991	17	first class
4	1	#F8766D	-0.298644098436315	-0.876145756155386	17	first class
2.5	0.3	#F8766D	-0.88931728405488	0.368602284014458	17	first class
2.5	0.3	#00BFC4	0.704928517007729	-1.30916887564081	17	second class
2.5	0.3	#00BFC4	-0.686693310742413	1.30352864140426	17	second class
2.5	0.3	#00BFC4	1.83778704449452	1.44820977862943	17	second class
2.5	0.3	#F8766D	-0.929491608575424	1.16895596533851	17	first class
2.5	0.3	#00BFC4	-0.138136937011948	1.92226746787974	17	second class
2.5	0.3	#F8766D	-0.599228549405948	-1.04287045729132	17	first class
2.5	0.3	#F8766D	-0.640186172942636	-1.0285467553487	17	first class
2.5	0.3	#00BFC4	1.68864025410009	2.0255713696967	17	second class
2.5	0.3	#F8766D	-0.539083794010798	-1.40288483529908	17	first class
2.5	0.3	#00BFC4	1.89512566104502	2.00573852446226	17	second class
2.5	0.3	#F8766D	-1.47279140772793	-0.784058431256027	17	first class
2.5	0.3	#F8766D	-1.68685285189353	-0.220034881663682	17	first class
2.5	0.3	#F8766D	-1.23017748948328	-1.2079172780196	17	first class
2.5	0.3	#F8766D	0.715064986883281	-2.12310858320335	17	first class
2.5	0.3	#F8766D	-1.44566197009996	-1.08336906647183	17	first class
2.5	0.3	#F8766D	0.558708314149124	-2.26539635156826	17	first class
2.5	0.3	#F8766D	-1.55584113475408	-1.22577098565927	17	first class
2.5	0.3	#F8766D	-1.56047564655221	-1.69470697892051	17	first class
2.5	0.3	#F8766D	-0.502149521770761	-2.54875280423022	17	first class
2.5	0.3	#00BFC4	2.25381492106993	3.05008468562714	17	second class
2.5	0.3	#F8766D	-2.26506123460653	-1.46665535362322	17	first class
2.5	0.3	#F8766D	-2.96661715662964	-0.415386250363931	17	first class
4	1	#00BFC4	0.782025085341705	0.497676546890698	18	second class
4	1	#F8766D	0.786913136803078	0.51647060442954	18	first class
4	1	#00BFC4	0.374960732150743	-0.0717912264755778	18	second class
4	1	#00BFC4	0.27110877070886	-0.0185753831070887	18	second class
4	1	#00BFC4	0.619528998987617	0.861108637560955	18	second class
4	1	#00BFC4	0.938088289423278	-0.220717712254536	18	second class
4	1	#00BFC4	-0.0260044483072397	0.66679261633058	18	second class
4	1	#00BFC4	1.42646422147681	0.508968833943465	18	second class
4	1	#00BFC4	0.694037336260083	1.18130347974915	18	second class
4	1	#00BFC4	1.15337311783652	1.0530042267305	18	second class
4	1	#00BFC4	1.55391765353759	0.715226992948991	18	second class
4	1	#F8766D	0.224081797439462	-0.746681486005245	18	first class
4	1	#00BFC4	1.82158108163749	0.311991383532642	18	second class
4	1	#00BFC4	-0.0678237059868452	1.37963948275988	18	second class
4	1	#00BFC4	1.87813348753304	0.290799237417607	18	second class
4	1	#F8766D	-0.870712264839054	0.207961998304991	18	first class
4	1	#F8766D	-0.298644098436315	-0.876145756155386	18	first class
4	1	#F8766D	-0.88931728405488	0.368602284014458	18	first class
2.5	0.3	#00BFC4	0.704928517007729	-1.30916887564081	18	second class
2.5	0.3	#00BFC4	-0.686693310742413	1.30352864140426	18	second class
2.5	0.3	#00BFC4	1.83778704449452	1.44820977862943	18	second class
2.5	0.3	#F8766D	-0.929491608575424	1.16895596533851	18	first class
2.5	0.3	#00BFC4	-0.138136937011948	1.92226746787974	18	second class
2.5	0.3	#F8766D	-0.599228549405948	-1.04287045729132	18	first class
2.5	0.3	#F8766D	-0.640186172942636	-1.0285467553487	18	first class
2.5	0.3	#00BFC4	1.68864025410009	2.0255713696967	18	second class
2.5	0.3	#F8766D	-0.539083794010798	-1.40288483529908	18	first class
2.5	0.3	#00BFC4	1.89512566104502	2.00573852446226	18	second class
2.5	0.3	#F8766D	-1.47279140772793	-0.784058431256027	18	first class
2.5	0.3	#F8766D	-1.68685285189353	-0.220034881663682	18	first class
2.5	0.3	#F8766D	-1.23017748948328	-1.2079172780196	18	first class
2.5	0.3	#F8766D	0.715064986883281	-2.12310858320335	18	first class
2.5	0.3	#F8766D	-1.44566197009996	-1.08336906647183	18	first class
2.5	0.3	#F8766D	0.558708314149124	-2.26539635156826	18	first class
2.5	0.3	#F8766D	-1.55584113475408	-1.22577098565927	18	first class
2.5	0.3	#F8766D	-1.56047564655221	-1.69470697892051	18	first class
2.5	0.3	#F8766D	-0.502149521770761	-2.54875280423022	18	first class
2.5	0.3	#00BFC4	2.25381492106993	3.05008468562714	18	second class
2.5	0.3	#F8766D	-2.26506123460653	-1.46665535362322	18	first class
2.5	0.3	#F8766D	-2.96661715662964	-0.415386250363931	18	first class
4	1	#00BFC4	0.782025085341705	0.497676546890698	19	second class
4	1	#F8766D	0.786913136803078	0.51647060442954	19	first class
4	1	#00BFC4	0.374960732150743	-0.0717912264755778	19	second class
4	1	#00BFC4	0.27110877070886	-0.0185753831070887	19	second class
4	1	#00BFC4	0.619528998987617	0.861108637560955	19	second class
4	1	#00BFC4	0.938088289423278	-0.220717712254536	19	second class
4	1	#00BFC4	-0.0260044483072397	0.66679261633058	19	second class
4	1	#00BFC4	1.42646422147681	0.508968833943465	19	second class
4	1	#00BFC4	0.694037336260083	1.18130347974915	19	second class
4	1	#00BFC4	1.15337311783652	1.0530042267305	19	second class
4	1	#00BFC4	1.55391765353759	0.715226992948991	19	second class
4	1	#F8766D	0.224081797439462	-0.746681486005245	19	first class
4	1	#00BFC4	1.82158108163749	0.311991383532642	19	second class
4	1	#00BFC4	-0.0678237059868452	1.37963948275988	19	second class
4	1	#00BFC4	1.87813348753304	0.290799237417607	19	second class
4	1	#F8766D	-0.870712264839054	0.207961998304991	19	first class
4	1	#F8766D	-0.298644098436315	-0.876145756155386	19	first class
4	1	#F8766D	-0.88931728405488	0.368602284014458	19	first class
4	1	#00BFC4	0.704928517007729	-1.30916887564081	19	second class
2.5	0.3	#00BFC4	-0.686693310742413	1.30352864140426	19	second class
2.5	0.3	#00BFC4	1.83778704449452	1.44820977862943	19	second class
2.5	0.3	#F8766D	-0.929491608575424	1.16895596533851	19	first class
2.5	0.3	#00BFC4	-0.138136937011948	1.92226746787974	19	second class
2.5	0.3	#F8766D	-0.599228549405948	-1.04287045729132	19	first class
2.5	0.3	#F8766D	-0.640186172942636	-1.0285467553487	19	first class
2.5	0.3	#00BFC4	1.68864025410009	2.0255713696967	19	second class
2.5	0.3	#F8766D	-0.539083794010798	-1.40288483529908	19	first class
2.5	0.3	#00BFC4	1.89512566104502	2.00573852446226	19	second class
2.5	0.3	#F8766D	-1.47279140772793	-0.784058431256027	19	first class
2.5	0.3	#F8766D	-1.68685285189353	-0.220034881663682	19	first class
2.5	0.3	#F8766D	-1.23017748948328	-1.2079172780196	19	first class
2.5	0.3	#F8766D	0.715064986883281	-2.12310858320335	19	first class
2.5	0.3	#F8766D	-1.44566197009996	-1.08336906647183	19	first class
2.5	0.3	#F8766D	0.558708314149124	-2.26539635156826	19	first class
2.5	0.3	#F8766D	-1.55584113475408	-1.22577098565927	19	first class
2.5	0.3	#F8766D	-1.56047564655221	-1.69470697892051	19	first class
2.5	0.3	#F8766D	-0.502149521770761	-2.54875280423022	19	first class
2.5	0.3	#00BFC4	2.25381492106993	3.05008468562714	19	second class
2.5	0.3	#F8766D	-2.26506123460653	-1.46665535362322	19	first class
2.5	0.3	#F8766D	-2.96661715662964	-0.415386250363931	19	first class
4	1	#00BFC4	0.782025085341705	0.497676546890698	20	second class
4	1	#F8766D	0.786913136803078	0.51647060442954	20	first class
4	1	#00BFC4	0.374960732150743	-0.0717912264755778	20	second class
4	1	#00BFC4	0.27110877070886	-0.0185753831070887	20	second class
4	1	#00BFC4	0.619528998987617	0.861108637560955	20	second class
4	1	#00BFC4	0.938088289423278	-0.220717712254536	20	second class
4	1	#00BFC4	-0.0260044483072397	0.66679261633058	20	second class
4	1	#00BFC4	1.42646422147681	0.508968833943465	20	second class
4	1	#00BFC4	0.694037336260083	1.18130347974915	20	second class
4	1	#00BFC4	1.15337311783652	1.0530042267305	20	second class
4	1	#00BFC4	1.55391765353759	0.715226992948991	20	second class
4	1	#F8766D	0.224081797439462	-0.746681486005245	20	first class
4	1	#00BFC4	1.82158108163749	0.311991383532642	20	second class
4	1	#00BFC4	-0.0678237059868452	1.37963948275988	20	second class
4	1	#00BFC4	1.87813348753304	0.290799237417607	20	second class
4	1	#F8766D	-0.870712264839054	0.207961998304991	20	first class
4	1	#F8766D	-0.298644098436315	-0.876145756155386	20	first class
4	1	#F8766D	-0.88931728405488	0.368602284014458	20	first class
4	1	#00BFC4	0.704928517007729	-1.30916887564081	20	second class
4	1	#00BFC4	-0.686693310742413	1.30352864140426	20	second class
2.5	0.3	#00BFC4	1.83778704449452	1.44820977862943	20	second class
2.5	0.3	#F8766D	-0.929491608575424	1.16895596533851	20	first class
2.5	0.3	#00BFC4	-0.138136937011948	1.92226746787974	20	second class
2.5	0.3	#F8766D	-0.599228549405948	-1.04287045729132	20	first class
2.5	0.3	#F8766D	-0.640186172942636	-1.0285467553487	20	first class
2.5	0.3	#00BFC4	1.68864025410009	2.0255713696967	20	second class
2.5	0.3	#F8766D	-0.539083794010798	-1.40288483529908	20	first class
2.5	0.3	#00BFC4	1.89512566104502	2.00573852446226	20	second class
2.5	0.3	#F8766D	-1.47279140772793	-0.784058431256027	20	first class
2.5	0.3	#F8766D	-1.68685285189353	-0.220034881663682	20	first class
2.5	0.3	#F8766D	-1.23017748948328	-1.2079172780196	20	first class
2.5	0.3	#F8766D	0.715064986883281	-2.12310858320335	20	first class
2.5	0.3	#F8766D	-1.44566197009996	-1.08336906647183	20	first class
2.5	0.3	#F8766D	0.558708314149124	-2.26539635156826	20	first class
2.5	0.3	#F8766D	-1.55584113475408	-1.22577098565927	20	first class
2.5	0.3	#F8766D	-1.56047564655221	-1.69470697892051	20	first class
2.5	0.3	#F8766D	-0.502149521770761	-2.54875280423022	20	first class
2.5	0.3	#00BFC4	2.25381492106993	3.05008468562714	20	second class
2.5	0.3	#F8766D	-2.26506123460653	-1.46665535362322	20	first class
2.5	0.3	#F8766D	-2.96661715662964	-0.415386250363931	20	first class
4	1	#00BFC4	0.782025085341705	0.497676546890698	21	second class
4	1	#F8766D	0.786913136803078	0.51647060442954	21	first class
4	1	#00BFC4	0.374960732150743	-0.0717912264755778	21	second class
4	1	#00BFC4	0.27110877070886	-0.0185753831070887	21	second class
4	1	#00BFC4	0.619528998987617	0.861108637560955	21	second class
4	1	#00BFC4	0.938088289423278	-0.220717712254536	21	second class
4	1	#00BFC4	-0.0260044483072397	0.66679261633058	21	second class
4	1	#00BFC4	1.42646422147681	0.508968833943465	21	second class
4	1	#00BFC4	0.694037336260083	1.18130347974915	21	second class
4	1	#00BFC4	1.15337311783652	1.0530042267305	21	second class
4	1	#00BFC4	1.55391765353759	0.715226992948991	21	second class
4	1	#F8766D	0.224081797439462	-0.746681486005245	21	first class
4	1	#00BFC4	1.82158108163749	0.311991383532642	21	second class
4	1	#00BFC4	-0.0678237059868452	1.37963948275988	21	second class
4	1	#00BFC4	1.87813348753304	0.290799237417607	21	second class
4	1	#F8766D	-0.870712264839054	0.207961998304991	21	first class
4	1	#F8766D	-0.298644098436315	-0.876145756155386	21	first class
4	1	#F8766D	-0.88931728405488	0.368602284014458	21	first class
4	1	#00BFC4	0.704928517007729	-1.30916887564081	21	second class
4	1	#00BFC4	-0.686693310742413	1.30352864140426	21	second class
4	1	#00BFC4	1.83778704449452	1.44820977862943	21	second class
2.5	0.3	#F8766D	-0.929491608575424	1.16895596533851	21	first class
2.5	0.3	#00BFC4	-0.138136937011948	1.92226746787974	21	second class
2.5	0.3	#F8766D	-0.599228549405948	-1.04287045729132	21	first class
2.5	0.3	#F8766D	-0.640186172942636	-1.0285467553487	21	first class
2.5	0.3	#00BFC4	1.68864025410009	2.0255713696967	21	second class
2.5	0.3	#F8766D	-0.539083794010798	-1.40288483529908	21	first class
2.5	0.3	#00BFC4	1.89512566104502	2.00573852446226	21	second class
2.5	0.3	#F8766D	-1.47279140772793	-0.784058431256027	21	first class
2.5	0.3	#F8766D	-1.68685285189353	-0.220034881663682	21	first class
2.5	0.3	#F8766D	-1.23017748948328	-1.2079172780196	21	first class
2.5	0.3	#F8766D	0.715064986883281	-2.12310858320335	21	first class
2.5	0.3	#F8766D	-1.44566197009996	-1.08336906647183	21	first class
2.5	0.3	#F8766D	0.558708314149124	-2.26539635156826	21	first class
2.5	0.3	#F8766D	-1.55584113475408	-1.22577098565927	21	first class
2.5	0.3	#F8766D	-1.56047564655221	-1.69470697892051	21	first class
2.5	0.3	#F8766D	-0.502149521770761	-2.54875280423022	21	first class
2.5	0.3	#00BFC4	2.25381492106993	3.05008468562714	21	second class
2.5	0.3	#F8766D	-2.26506123460653	-1.46665535362322	21	first class
2.5	0.3	#F8766D	-2.96661715662964	-0.415386250363931	21	first class
4	1	#00BFC4	0.782025085341705	0.497676546890698	22	second class
4	1	#F8766D	0.786913136803078	0.51647060442954	22	first class
4	1	#00BFC4	0.374960732150743	-0.0717912264755778	22	second class
4	1	#00BFC4	0.27110877070886	-0.0185753831070887	22	second class
4	1	#00BFC4	0.619528998987617	0.861108637560955	22	second class
4	1	#00BFC4	0.938088289423278	-0.220717712254536	22	second class
4	1	#00BFC4	-0.0260044483072397	0.66679261633058	22	second class
4	1	#00BFC4	1.42646422147681	0.508968833943465	22	second class
4	1	#00BFC4	0.694037336260083	1.18130347974915	22	second class
4	1	#00BFC4	1.15337311783652	1.0530042267305	22	second class
4	1	#00BFC4	1.55391765353759	0.715226992948991	22	second class
4	1	#F8766D	0.224081797439462	-0.746681486005245	22	first class
4	1	#00BFC4	1.82158108163749	0.311991383532642	22	second class
4	1	#00BFC4	-0.0678237059868452	1.37963948275988	22	second class
4	1	#00BFC4	1.87813348753304	0.290799237417607	22	second class
4	1	#F8766D	-0.870712264839054	0.207961998304991	22	first class
4	1	#F8766D	-0.298644098436315	-0.876145756155386	22	first class
4	1	#F8766D	-0.88931728405488	0.368602284014458	22	first class
4	1	#00BFC4	0.704928517007729	-1.30916887564081	22	second class
4	1	#00BFC4	-0.686693310742413	1.30352864140426	22	second class
4	1	#00BFC4	1.83778704449452	1.44820977862943	22	second class
4	1	#F8766D	-0.929491608575424	1.16895596533851	22	first class
2.5	0.3	#00BFC4	-0.138136937011948	1.92226746787974	22	second class
2.5	0.3	#F8766D	-0.599228549405948	-1.04287045729132	22	first class
2.5	0.3	#F8766D	-0.640186172942636	-1.0285467553487	22	first class
2.5	0.3	#00BFC4	1.68864025410009	2.0255713696967	22	second class
2.5	0.3	#F8766D	-0.539083794010798	-1.40288483529908	22	first class
2.5	0.3	#00BFC4	1.89512566104502	2.00573852446226	22	second class
2.5	0.3	#F8766D	-1.47279140772793	-0.784058431256027	22	first class
2.5	0.3	#F8766D	-1.68685285189353	-0.220034881663682	22	first class
2.5	0.3	#F8766D	-1.23017748948328	-1.2079172780196	22	first class
2.5	0.3	#F8766D	0.715064986883281	-2.12310858320335	22	first class
2.5	0.3	#F8766D	-1.44566197009996	-1.08336906647183	22	first class
2.5	0.3	#F8766D	0.558708314149124	-2.26539635156826	22	first class
2.5	0.3	#F8766D	-1.55584113475408	-1.22577098565927	22	first class
2.5	0.3	#F8766D	-1.56047564655221	-1.69470697892051	22	first class
2.5	0.3	#F8766D	-0.502149521770761	-2.54875280423022	22	first class
2.5	0.3	#00BFC4	2.25381492106993	3.05008468562714	22	second class
2.5	0.3	#F8766D	-2.26506123460653	-1.46665535362322	22	first class
2.5	0.3	#F8766D	-2.96661715662964	-0.415386250363931	22	first class
4	1	#00BFC4	0.782025085341705	0.497676546890698	23	second class
4	1	#F8766D	0.786913136803078	0.51647060442954	23	first class
4	1	#00BFC4	0.374960732150743	-0.0717912264755778	23	second class
4	1	#00BFC4	0.27110877070886	-0.0185753831070887	23	second class
4	1	#00BFC4	0.619528998987617	0.861108637560955	23	second class
4	1	#00BFC4	0.938088289423278	-0.220717712254536	23	second class
4	1	#00BFC4	-0.0260044483072397	0.66679261633058	23	second class
4	1	#00BFC4	1.42646422147681	0.508968833943465	23	second class
4	1	#00BFC4	0.694037336260083	1.18130347974915	23	second class
4	1	#00BFC4	1.15337311783652	1.0530042267305	23	second class
4	1	#00BFC4	1.55391765353759	0.715226992948991	23	second class
4	1	#F8766D	0.224081797439462	-0.746681486005245	23	first class
4	1	#00BFC4	1.82158108163749	0.311991383532642	23	second class
4	1	#00BFC4	-0.0678237059868452	1.37963948275988	23	second class
4	1	#00BFC4	1.87813348753304	0.290799237417607	23	second class
4	1	#F8766D	-0.870712264839054	0.207961998304991	23	first class
4	1	#F8766D	-0.298644098436315	-0.876145756155386	23	first class
4	1	#F8766D	-0.88931728405488	0.368602284014458	23	first class
4	1	#00BFC4	0.704928517007729	-1.30916887564081	23	second class
4	1	#00BFC4	-0.686693310742413	1.30352864140426	23	second class
4	1	#00BFC4	1.83778704449452	1.44820977862943	23	second class
4	1	#F8766D	-0.929491608575424	1.16895596533851	23	first class
4	1	#00BFC4	-0.138136937011948	1.92226746787974	23	second class
2.5	0.3	#F8766D	-0.599228549405948	-1.04287045729132	23	first class
2.5	0.3	#F8766D	-0.640186172942636	-1.0285467553487	23	first class
2.5	0.3	#00BFC4	1.68864025410009	2.0255713696967	23	second class
2.5	0.3	#F8766D	-0.539083794010798	-1.40288483529908	23	first class
2.5	0.3	#00BFC4	1.89512566104502	2.00573852446226	23	second class
2.5	0.3	#F8766D	-1.47279140772793	-0.784058431256027	23	first class
2.5	0.3	#F8766D	-1.68685285189353	-0.220034881663682	23	first class
2.5	0.3	#F8766D	-1.23017748948328	-1.2079172780196	23	first class
2.5	0.3	#F8766D	0.715064986883281	-2.12310858320335	23	first class
2.5	0.3	#F8766D	-1.44566197009996	-1.08336906647183	23	first class
2.5	0.3	#F8766D	0.558708314149124	-2.26539635156826	23	first class
2.5	0.3	#F8766D	-1.55584113475408	-1.22577098565927	23	first class
2.5	0.3	#F8766D	-1.56047564655221	-1.69470697892051	23	first class
2.5	0.3	#F8766D	-0.502149521770761	-2.54875280423022	23	first class
2.5	0.3	#00BFC4	2.25381492106993	3.05008468562714	23	second class
2.5	0.3	#F8766D	-2.26506123460653	-1.46665535362322	23	first class
2.5	0.3	#F8766D	-2.96661715662964	-0.415386250363931	23	first class
4	1	#00BFC4	0.782025085341705	0.497676546890698	24	second class
4	1	#F8766D	0.786913136803078	0.51647060442954	24	first class
4	1	#00BFC4	0.374960732150743	-0.0717912264755778	24	second class
4	1	#00BFC4	0.27110877070886	-0.0185753831070887	24	second class
4	1	#00BFC4	0.619528998987617	0.861108637560955	24	second class
4	1	#00BFC4	0.938088289423278	-0.220717712254536	24	second class
4	1	#00BFC4	-0.0260044483072397	0.66679261633058	24	second class
4	1	#00BFC4	1.42646422147681	0.508968833943465	24	second class
4	1	#00BFC4	0.694037336260083	1.18130347974915	24	second class
4	1	#00BFC4	1.15337311783652	1.0530042267305	24	second class
4	1	#00BFC4	1.55391765353759	0.715226992948991	24	second class
4	1	#F8766D	0.224081797439462	-0.746681486005245	24	first class
4	1	#00BFC4	1.82158108163749	0.311991383532642	24	second class
4	1	#00BFC4	-0.0678237059868452	1.37963948275988	24	second class
4	1	#00BFC4	1.87813348753304	0.290799237417607	24	second class
4	1	#F8766D	-0.870712264839054	0.207961998304991	24	first class
4	1	#F8766D	-0.298644098436315	-0.876145756155386	24	first class
4	1	#F8766D	-0.88931728405488	0.368602284014458	24	first class
4	1	#00BFC4	0.704928517007729	-1.30916887564081	24	second class
4	1	#00BFC4	-0.686693310742413	1.30352864140426	24	second class
4	1	#00BFC4	1.83778704449452	1.44820977862943	24	second class
4	1	#F8766D	-0.929491608575424	1.16895596533851	24	first class
4	1	#00BFC4	-0.138136937011948	1.92226746787974	24	second class
4	1	#F8766D	-0.599228549405948	-1.04287045729132	24	first class
2.5	0.3	#F8766D	-0.640186172942636	-1.0285467553487	24	first class
2.5	0.3	#00BFC4	1.68864025410009	2.0255713696967	24	second class
2.5	0.3	#F8766D	-0.539083794010798	-1.40288483529908	24	first class
2.5	0.3	#00BFC4	1.89512566104502	2.00573852446226	24	second class
2.5	0.3	#F8766D	-1.47279140772793	-0.784058431256027	24	first class
2.5	0.3	#F8766D	-1.68685285189353	-0.220034881663682	24	first class
2.5	0.3	#F8766D	-1.23017748948328	-1.2079172780196	24	first class
2.5	0.3	#F8766D	0.715064986883281	-2.12310858320335	24	first class
2.5	0.3	#F8766D	-1.44566197009996	-1.08336906647183	24	first class
2.5	0.3	#F8766D	0.558708314149124	-2.26539635156826	24	first class
2.5	0.3	#F8766D	-1.55584113475408	-1.22577098565927	24	first class
2.5	0.3	#F8766D	-1.56047564655221	-1.69470697892051	24	first class
2.5	0.3	#F8766D	-0.502149521770761	-2.54875280423022	24	first class
2.5	0.3	#00BFC4	2.25381492106993	3.05008468562714	24	second class
2.5	0.3	#F8766D	-2.26506123460653	-1.46665535362322	24	first class
2.5	0.3	#F8766D	-2.96661715662964	-0.415386250363931	24	first class
4	1	#00BFC4	0.782025085341705	0.497676546890698	25	second class
4	1	#F8766D	0.786913136803078	0.51647060442954	25	first class
4	1	#00BFC4	0.374960732150743	-0.0717912264755778	25	second class
4	1	#00BFC4	0.27110877070886	-0.0185753831070887	25	second class
4	1	#00BFC4	0.619528998987617	0.861108637560955	25	second class
4	1	#00BFC4	0.938088289423278	-0.220717712254536	25	second class
4	1	#00BFC4	-0.0260044483072397	0.66679261633058	25	second class
4	1	#00BFC4	1.42646422147681	0.508968833943465	25	second class
4	1	#00BFC4	0.694037336260083	1.18130347974915	25	second class
4	1	#00BFC4	1.15337311783652	1.0530042267305	25	second class
4	1	#00BFC4	1.55391765353759	0.715226992948991	25	second class
4	1	#F8766D	0.224081797439462	-0.746681486005245	25	first class
4	1	#00BFC4	1.82158108163749	0.311991383532642	25	second class
4	1	#00BFC4	-0.0678237059868452	1.37963948275988	25	second class
4	1	#00BFC4	1.87813348753304	0.290799237417607	25	second class
4	1	#F8766D	-0.870712264839054	0.207961998304991	25	first class
4	1	#F8766D	-0.298644098436315	-0.876145756155386	25	first class
4	1	#F8766D	-0.88931728405488	0.368602284014458	25	first class
4	1	#00BFC4	0.704928517007729	-1.30916887564081	25	second class
4	1	#00BFC4	-0.686693310742413	1.30352864140426	25	second class
4	1	#00BFC4	1.83778704449452	1.44820977862943	25	second class
4	1	#F8766D	-0.929491608575424	1.16895596533851	25	first class
4	1	#00BFC4	-0.138136937011948	1.92226746787974	25	second class
4	1	#F8766D	-0.599228549405948	-1.04287045729132	25	first class
4	1	#F8766D	-0.640186172942636	-1.0285467553487	25	first class
2.5	0.3	#00BFC4	1.68864025410009	2.0255713696967	25	second class
2.5	0.3	#F8766D	-0.539083794010798	-1.40288483529908	25	first class
2.5	0.3	#00BFC4	1.89512566104502	2.00573852446226	25	second class
2.5	0.3	#F8766D	-1.47279140772793	-0.784058431256027	25	first class
2.5	0.3	#F8766D	-1.68685285189353	-0.220034881663682	25	first class
2.5	0.3	#F8766D	-1.23017748948328	-1.2079172780196	25	first class
2.5	0.3	#F8766D	0.715064986883281	-2.12310858320335	25	first class
2.5	0.3	#F8766D	-1.44566197009996	-1.08336906647183	25	first class
2.5	0.3	#F8766D	0.558708314149124	-2.26539635156826	25	first class
2.5	0.3	#F8766D	-1.55584113475408	-1.22577098565927	25	first class
2.5	0.3	#F8766D	-1.56047564655221	-1.69470697892051	25	first class
2.5	0.3	#F8766D	-0.502149521770761	-2.54875280423022	25	first class
2.5	0.3	#00BFC4	2.25381492106993	3.05008468562714	25	second class
2.5	0.3	#F8766D	-2.26506123460653	-1.46665535362322	25	first class
2.5	0.3	#F8766D	-2.96661715662964	-0.415386250363931	25	first class
4	1	#00BFC4	0.782025085341705	0.497676546890698	26	second class
4	1	#F8766D	0.786913136803078	0.51647060442954	26	first class
4	1	#00BFC4	0.374960732150743	-0.0717912264755778	26	second class
4	1	#00BFC4	0.27110877070886	-0.0185753831070887	26	second class
4	1	#00BFC4	0.619528998987617	0.861108637560955	26	second class
4	1	#00BFC4	0.938088289423278	-0.220717712254536	26	second class
4	1	#00BFC4	-0.0260044483072397	0.66679261633058	26	second class
4	1	#00BFC4	1.42646422147681	0.508968833943465	26	second class
4	1	#00BFC4	0.694037336260083	1.18130347974915	26	second class
4	1	#00BFC4	1.15337311783652	1.0530042267305	26	second class
4	1	#00BFC4	1.55391765353759	0.715226992948991	26	second class
4	1	#F8766D	0.224081797439462	-0.746681486005245	26	first class
4	1	#00BFC4	1.82158108163749	0.311991383532642	26	second class
4	1	#00BFC4	-0.0678237059868452	1.37963948275988	26	second class
4	1	#00BFC4	1.87813348753304	0.290799237417607	26	second class
4	1	#F8766D	-0.870712264839054	0.207961998304991	26	first class
4	1	#F8766D	-0.298644098436315	-0.876145756155386	26	first class
4	1	#F8766D	-0.88931728405488	0.368602284014458	26	first class
4	1	#00BFC4	0.704928517007729	-1.30916887564081	26	second class
4	1	#00BFC4	-0.686693310742413	1.30352864140426	26	second class
4	1	#00BFC4	1.83778704449452	1.44820977862943	26	second class
4	1	#F8766D	-0.929491608575424	1.16895596533851	26	first class
4	1	#00BFC4	-0.138136937011948	1.92226746787974	26	second class
4	1	#F8766D	-0.599228549405948	-1.04287045729132	26	first class
4	1	#F8766D	-0.640186172942636	-1.0285467553487	26	first class
4	1	#00BFC4	1.68864025410009	2.0255713696967	26	second class
2.5	0.3	#F8766D	-0.539083794010798	-1.40288483529908	26	first class
2.5	0.3	#00BFC4	1.89512566104502	2.00573852446226	26	second class
2.5	0.3	#F8766D	-1.47279140772793	-0.784058431256027	26	first class
2.5	0.3	#F8766D	-1.68685285189353	-0.220034881663682	26	first class
2.5	0.3	#F8766D	-1.23017748948328	-1.2079172780196	26	first class
2.5	0.3	#F8766D	0.715064986883281	-2.12310858320335	26	first class
2.5	0.3	#F8766D	-1.44566197009996	-1.08336906647183	26	first class
2.5	0.3	#F8766D	0.558708314149124	-2.26539635156826	26	first class
2.5	0.3	#F8766D	-1.55584113475408	-1.22577098565927	26	first class
2.5	0.3	#F8766D	-1.56047564655221	-1.69470697892051	26	first class
2.5	0.3	#F8766D	-0.502149521770761	-2.54875280423022	26	first class
2.5	0.3	#00BFC4	2.25381492106993	3.05008468562714	26	second class
2.5	0.3	#F8766D	-2.26506123460653	-1.46665535362322	26	first class
2.5	0.3	#F8766D	-2.96661715662964	-0.415386250363931	26	first class
4	1	#00BFC4	0.782025085341705	0.497676546890698	27	second class
4	1	#F8766D	0.786913136803078	0.51647060442954	27	first class
4	1	#00BFC4	0.374960732150743	-0.0717912264755778	27	second class
4	1	#00BFC4	0.27110877070886	-0.0185753831070887	27	second class
4	1	#00BFC4	0.619528998987617	0.861108637560955	27	second class
4	1	#00BFC4	0.938088289423278	-0.220717712254536	27	second class
4	1	#00BFC4	-0.0260044483072397	0.66679261633058	27	second class
4	1	#00BFC4	1.42646422147681	0.508968833943465	27	second class
4	1	#00BFC4	0.694037336260083	1.18130347974915	27	second class
4	1	#00BFC4	1.15337311783652	1.0530042267305	27	second class
4	1	#00BFC4	1.55391765353759	0.715226992948991	27	second class
4	1	#F8766D	0.224081797439462	-0.746681486005245	27	first class
4	1	#00BFC4	1.82158108163749	0.311991383532642	27	second class
4	1	#00BFC4	-0.0678237059868452	1.37963948275988	27	second class
4	1	#00BFC4	1.87813348753304	0.290799237417607	27	second class
4	1	#F8766D	-0.870712264839054	0.207961998304991	27	first class
4	1	#F8766D	-0.298644098436315	-0.876145756155386	27	first class
4	1	#F8766D	-0.88931728405488	0.368602284014458	27	first class
4	1	#00BFC4	0.704928517007729	-1.30916887564081	27	second class
4	1	#00BFC4	-0.686693310742413	1.30352864140426	27	second class
4	1	#00BFC4	1.83778704449452	1.44820977862943	27	second class
4	1	#F8766D	-0.929491608575424	1.16895596533851	27	first class
4	1	#00BFC4	-0.138136937011948	1.92226746787974	27	second class
4	1	#F8766D	-0.599228549405948	-1.04287045729132	27	first class
4	1	#F8766D	-0.640186172942636	-1.0285467553487	27	first class
4	1	#00BFC4	1.68864025410009	2.0255713696967	27	second class
4	1	#F8766D	-0.539083794010798	-1.40288483529908	27	first class
2.5	0.3	#00BFC4	1.89512566104502	2.00573852446226	27	second class
2.5	0.3	#F8766D	-1.47279140772793	-0.784058431256027	27	first class
2.5	0.3	#F8766D	-1.68685285189353	-0.220034881663682	27	first class
2.5	0.3	#F8766D	-1.23017748948328	-1.2079172780196	27	first class
2.5	0.3	#F8766D	0.715064986883281	-2.12310858320335	27	first class
2.5	0.3	#F8766D	-1.44566197009996	-1.08336906647183	27	first class
2.5	0.3	#F8766D	0.558708314149124	-2.26539635156826	27	first class
2.5	0.3	#F8766D	-1.55584113475408	-1.22577098565927	27	first class
2.5	0.3	#F8766D	-1.56047564655221	-1.69470697892051	27	first class
2.5	0.3	#F8766D	-0.502149521770761	-2.54875280423022	27	first class
2.5	0.3	#00BFC4	2.25381492106993	3.05008468562714	27	second class
2.5	0.3	#F8766D	-2.26506123460653	-1.46665535362322	27	first class
2.5	0.3	#F8766D	-2.96661715662964	-0.415386250363931	27	first class
4	1	#00BFC4	0.782025085341705	0.497676546890698	28	second class
4	1	#F8766D	0.786913136803078	0.51647060442954	28	first class
4	1	#00BFC4	0.374960732150743	-0.0717912264755778	28	second class
4	1	#00BFC4	0.27110877070886	-0.0185753831070887	28	second class
4	1	#00BFC4	0.619528998987617	0.861108637560955	28	second class
4	1	#00BFC4	0.938088289423278	-0.220717712254536	28	second class
4	1	#00BFC4	-0.0260044483072397	0.66679261633058	28	second class
4	1	#00BFC4	1.42646422147681	0.508968833943465	28	second class
4	1	#00BFC4	0.694037336260083	1.18130347974915	28	second class
4	1	#00BFC4	1.15337311783652	1.0530042267305	28	second class
4	1	#00BFC4	1.55391765353759	0.715226992948991	28	second class
4	1	#F8766D	0.224081797439462	-0.746681486005245	28	first class
4	1	#00BFC4	1.82158108163749	0.311991383532642	28	second class
4	1	#00BFC4	-0.0678237059868452	1.37963948275988	28	second class
4	1	#00BFC4	1.87813348753304	0.290799237417607	28	second class
4	1	#F8766D	-0.870712264839054	0.207961998304991	28	first class
4	1	#F8766D	-0.298644098436315	-0.876145756155386	28	first class
4	1	#F8766D	-0.88931728405488	0.368602284014458	28	first class
4	1	#00BFC4	0.704928517007729	-1.30916887564081	28	second class
4	1	#00BFC4	-0.686693310742413	1.30352864140426	28	second class
4	1	#00BFC4	1.83778704449452	1.44820977862943	28	second class
4	1	#F8766D	-0.929491608575424	1.16895596533851	28	first class
4	1	#00BFC4	-0.138136937011948	1.92226746787974	28	second class
4	1	#F8766D	-0.599228549405948	-1.04287045729132	28	first class
4	1	#F8766D	-0.640186172942636	-1.0285467553487	28	first class
4	1	#00BFC4	1.68864025410009	2.0255713696967	28	second class
4	1	#F8766D	-0.539083794010798	-1.40288483529908	28	first class
4	1	#00BFC4	1.89512566104502	2.00573852446226	28	second class
2.5	0.3	#F8766D	-1.47279140772793	-0.784058431256027	28	first class
2.5	0.3	#F8766D	-1.68685285189353	-0.220034881663682	28	first class
2.5	0.3	#F8766D	-1.23017748948328	-1.2079172780196	28	first class
2.5	0.3	#F8766D	0.715064986883281	-2.12310858320335	28	first class
2.5	0.3	#F8766D	-1.44566197009996	-1.08336906647183	28	first class
2.5	0.3	#F8766D	0.558708314149124	-2.26539635156826	28	first class
2.5	0.3	#F8766D	-1.55584113475408	-1.22577098565927	28	first class
2.5	0.3	#F8766D	-1.56047564655221	-1.69470697892051	28	first class
2.5	0.3	#F8766D	-0.502149521770761	-2.54875280423022	28	first class
2.5	0.3	#00BFC4	2.25381492106993	3.05008468562714	28	second class
2.5	0.3	#F8766D	-2.26506123460653	-1.46665535362322	28	first class
2.5	0.3	#F8766D	-2.96661715662964	-0.415386250363931	28	first class
4	1	#00BFC4	0.782025085341705	0.497676546890698	29	second class
4	1	#F8766D	0.786913136803078	0.51647060442954	29	first class
4	1	#00BFC4	0.374960732150743	-0.0717912264755778	29	second class
4	1	#00BFC4	0.27110877070886	-0.0185753831070887	29	second class
4	1	#00BFC4	0.619528998987617	0.861108637560955	29	second class
4	1	#00BFC4	0.938088289423278	-0.220717712254536	29	second class
4	1	#00BFC4	-0.0260044483072397	0.66679261633058	29	second class
4	1	#00BFC4	1.42646422147681	0.508968833943465	29	second class
4	1	#00BFC4	0.694037336260083	1.18130347974915	29	second class
4	1	#00BFC4	1.15337311783652	1.0530042267305	29	second class
4	1	#00BFC4	1.55391765353759	0.715226992948991	29	second class
4	1	#F8766D	0.224081797439462	-0.746681486005245	29	first class
4	1	#00BFC4	1.82158108163749	0.311991383532642	29	second class
4	1	#00BFC4	-0.0678237059868452	1.37963948275988	29	second class
4	1	#00BFC4	1.87813348753304	0.290799237417607	29	second class
4	1	#F8766D	-0.870712264839054	0.207961998304991	29	first class
4	1	#F8766D	-0.298644098436315	-0.876145756155386	29	first class
4	1	#F8766D	-0.88931728405488	0.368602284014458	29	first class
4	1	#00BFC4	0.704928517007729	-1.30916887564081	29	second class
4	1	#00BFC4	-0.686693310742413	1.30352864140426	29	second class
4	1	#00BFC4	1.83778704449452	1.44820977862943	29	second class
4	1	#F8766D	-0.929491608575424	1.16895596533851	29	first class
4	1	#00BFC4	-0.138136937011948	1.92226746787974	29	second class
4	1	#F8766D	-0.599228549405948	-1.04287045729132	29	first class
4	1	#F8766D	-0.640186172942636	-1.0285467553487	29	first class
4	1	#00BFC4	1.68864025410009	2.0255713696967	29	second class
4	1	#F8766D	-0.539083794010798	-1.40288483529908	29	first class
4	1	#00BFC4	1.89512566104502	2.00573852446226	29	second class
4	1	#F8766D	-1.47279140772793	-0.784058431256027	29	first class
2.5	0.3	#F8766D	-1.68685285189353	-0.220034881663682	29	first class
2.5	0.3	#F8766D	-1.23017748948328	-1.2079172780196	29	first class
2.5	0.3	#F8766D	0.715064986883281	-2.12310858320335	29	first class
2.5	0.3	#F8766D	-1.44566197009996	-1.08336906647183	29	first class
2.5	0.3	#F8766D	0.558708314149124	-2.26539635156826	29	first class
2.5	0.3	#F8766D	-1.55584113475408	-1.22577098565927	29	first class
2.5	0.3	#F8766D	-1.56047564655221	-1.69470697892051	29	first class
2.5	0.3	#F8766D	-0.502149521770761	-2.54875280423022	29	first class
2.5	0.3	#00BFC4	2.25381492106993	3.05008468562714	29	second class
2.5	0.3	#F8766D	-2.26506123460653	-1.46665535362322	29	first class
2.5	0.3	#F8766D	-2.96661715662964	-0.415386250363931	29	first class
4	1	#00BFC4	0.782025085341705	0.497676546890698	30	second class
4	1	#F8766D	0.786913136803078	0.51647060442954	30	first class
4	1	#00BFC4	0.374960732150743	-0.0717912264755778	30	second class
4	1	#00BFC4	0.27110877070886	-0.0185753831070887	30	second class
4	1	#00BFC4	0.619528998987617	0.861108637560955	30	second class
4	1	#00BFC4	0.938088289423278	-0.220717712254536	30	second class
4	1	#00BFC4	-0.0260044483072397	0.66679261633058	30	second class
4	1	#00BFC4	1.42646422147681	0.508968833943465	30	second class
4	1	#00BFC4	0.694037336260083	1.18130347974915	30	second class
4	1	#00BFC4	1.15337311783652	1.0530042267305	30	second class
4	1	#00BFC4	1.55391765353759	0.715226992948991	30	second class
4	1	#F8766D	0.224081797439462	-0.746681486005245	30	first class
4	1	#00BFC4	1.82158108163749	0.311991383532642	30	second class
4	1	#00BFC4	-0.0678237059868452	1.37963948275988	30	second class
4	1	#00BFC4	1.87813348753304	0.290799237417607	30	second class
4	1	#F8766D	-0.870712264839054	0.207961998304991	30	first class
4	1	#F8766D	-0.298644098436315	-0.876145756155386	30	first class
4	1	#F8766D	-0.88931728405488	0.368602284014458	30	first class
4	1	#00BFC4	0.704928517007729	-1.30916887564081	30	second class
4	1	#00BFC4	-0.686693310742413	1.30352864140426	30	second class
4	1	#00BFC4	1.83778704449452	1.44820977862943	30	second class
4	1	#F8766D	-0.929491608575424	1.16895596533851	30	first class
4	1	#00BFC4	-0.138136937011948	1.92226746787974	30	second class
4	1	#F8766D	-0.599228549405948	-1.04287045729132	30	first class
4	1	#F8766D	-0.640186172942636	-1.0285467553487	30	first class
4	1	#00BFC4	1.68864025410009	2.0255713696967	30	second class
4	1	#F8766D	-0.539083794010798	-1.40288483529908	30	first class
4	1	#00BFC4	1.89512566104502	2.00573852446226	30	second class
4	1	#F8766D	-1.47279140772793	-0.784058431256027	30	first class
4	1	#F8766D	-1.68685285189353	-0.220034881663682	30	first class
2.5	0.3	#F8766D	-1.23017748948328	-1.2079172780196	30	first class
2.5	0.3	#F8766D	0.715064986883281	-2.12310858320335	30	first class
2.5	0.3	#F8766D	-1.44566197009996	-1.08336906647183	30	first class
2.5	0.3	#F8766D	0.558708314149124	-2.26539635156826	30	first class
2.5	0.3	#F8766D	-1.55584113475408	-1.22577098565927	30	first class
2.5	0.3	#F8766D	-1.56047564655221	-1.69470697892051	30	first class
2.5	0.3	#F8766D	-0.502149521770761	-2.54875280423022	30	first class
2.5	0.3	#00BFC4	2.25381492106993	3.05008468562714	30	second class
2.5	0.3	#F8766D	-2.26506123460653	-1.46665535362322	30	first class
2.5	0.3	#F8766D	-2.96661715662964	-0.415386250363931	30	first class
